<?xml version="1.0" encoding="UTF-8" standalone="yes"?>
<manifest>
  <control namespace="PcfControls" version="1.0.51" constructor="AddressLookup" display-name-key="AddressLookup_Display_Key" description-key="AddressLookup_Description_Key" control-type="standard" api-version="1.3.4">
    <property name="PremiseOption" display-name-key="PremiseOption_Display_Key" description-key="PremiseOption_Description_Key" of-type="Enum" usage="input" required="false">
      <value name="Combined" display-name-key="PremiseOption_Combined_Display_Key" description-key="PremiseOption_Combined_Description_Key" default="true">Combined</value>
      <value name="Separated" display-name-key="PremiseOption_Separated_Display_Key" description-key="PremiseOption_Separated_Description_Key">Separated</value>
    </property>
    <property name="RangeOption" display-name-key="RangeOption_Display_Key" description-key="RangeOption_Description_Key" of-type="Enum" usage="input" required="false">
      <value name="Simple" display-name-key="RangeOption_Simple_Display_Key" description-key="RangeOption_Simple_Description_Key" default="true">Simple</value>
      <value name="Range" display-name-key="RangeOption_Range_Display_Key" description-key="RangeOption_Range_Description_Key">Range</value>
    </property>
    <property name="PostcodeProperty" display-name-key="PostcodeProperty_Display_Key" description-key="PostcodeProperty_Description_Key" of-type="SingleLine.Text" usage="bound" required="true"/>
    <property name="CityProperty" display-name-key="CityProperty_Display_Key" description-key="CityProperty_Description_Key" of-type="SingleLine.Text" usage="bound" required="false"/>
    <property name="StreetProperty" display-name-key="StreetProperty_Display_Key" description-key="StreetProperty_Description_Key" of-type="SingleLine.Text" usage="bound" required="false"/>
    <property name="NumberProperty" display-name-key="NumberProperty_Display_Key" description-key="NumberProperty_Description_Key" of-type="SingleLine.Text" usage="bound" required="true"/>
    <property name="PremiseProperty" display-name-key="PremiseProperty_Display_Key" description-key="PremiseProperty_Description_Key" of-type="SingleLine.Text" usage="bound" required="false"/>
    <property name="NumberToProperty" display-name-key="NumberToProperty_Display_Key" description-key="NumberToProperty_Description_Key" of-type="SingleLine.Text" usage="bound" required="false"/>
    <property name="PremiseToProperty" display-name-key="PremiseToProperty_Display_Key" description-key="PremiseToProperty_Description_Key" of-type="SingleLine.Text" usage="bound" required="false"/>
    <property name="LatitudeProperty" display-name-key="LatitudeProperty_Display_Key" description-key="LatitudeProperty_Description_Key" of-type="FP" usage="bound" required="false"/>
    <property name="LongitudeProperty" display-name-key="LongitudeProperty_Display_Key" description-key="LongitudeProperty_Description_Key" of-type="FP" usage="bound" required="false"/>
    <resources>
      <code path="bundle.js" order="1"/>
      <css path="AddressLookup.css" order="99"/>
      <resx path="AddressLookup.1033.resx" version="1.0.0"/>
      <resx path="AddressLookup.1043.resx" version="1.0.0"/>
    </resources>
    <built-by name="pac" version="1.12.2"/>
  </control>
</manifest>